Date,Name,Year,Letterboxd URI
2022-02-02,When the Levees Broke: A Requiem in Four Acts,2006,https://boxd.it/jgQ
2022-02-09,Drive My Car,2021,https://boxd.it/sv94
2022-02-11,High School,1968,https://boxd.it/gkK
2022-02-13,Magnolia,1999,https://boxd.it/2aze
2022-02-13,Punch-Drunk Love,2002,https://boxd.it/20E4
2022-02-13,Inherent Vice,2014,https://boxd.it/5hla
2022-02-16,A Scanner Darkly,2006,https://boxd.it/25jK
2022-02-16,Ghost in the Shell,1995,https://boxd.it/1YYc
2022-02-16,Aya of Yop City,2013,https://boxd.it/67eg
2022-02-16,Persepolis,2007,https://boxd.it/27DC
2022-02-16,Pan's Labyrinth,2006,https://boxd.it/28No
2022-02-19,Death of a Cyclist,1955,https://boxd.it/2pjK
2022-02-19,The Last Picture Show,1971,https://boxd.it/1weg
2022-02-21,August 32nd on Earth,1998,https://boxd.it/hY2
2022-02-22,A Brighter Summer Day,1991,https://boxd.it/1Luy
2022-02-23,The Exiles,2022,https://boxd.it/yoQM
2022-02-23,Surf's Up,2007,https://boxd.it/1YKY
2022-02-23,A Night of Knowing Nothing,2021,https://boxd.it/vBUw
2022-02-23,Scorpio Rising,1963,https://boxd.it/Mks
2022-02-28,Speak No Evil,2022,https://boxd.it/vqlg
2022-02-28,Navalny,2022,https://boxd.it/yV2g
2022-02-28,After Yang,2021,https://boxd.it/lx5a
2022-02-28,Fire of Love,2022,https://boxd.it/yoPY
2022-03-02,Lost in Translation,2003,https://boxd.it/2b0E
2022-03-02,Carol,2015,https://boxd.it/7DPK
2022-03-02,Maria Candelaria,1944,https://boxd.it/gxO
2022-03-02,Shanghai Triad,1995,https://boxd.it/1842
2022-03-16,Fresh,2022,https://boxd.it/tCNi
2022-03-16,The Worst Person in the World,2021,https://boxd.it/oyws
2022-03-16,Viridiana,1961,https://boxd.it/24eE
2022-03-16,Black Girl,1966,https://boxd.it/3jIQ
2022-03-16,Bicycle Thieves,1948,https://boxd.it/23hW
2022-03-16,Citizen Kane,1941,https://boxd.it/71O
2022-03-17,A Dangerous Method,2011,https://boxd.it/IYo
2022-03-20,Drive,2011,https://boxd.it/IG
2022-03-20,Oldboy,2003,https://boxd.it/29R2
2022-03-20,The Lobster,2015,https://boxd.it/7tnw
2022-03-20,My Own Private Idaho,1991,https://boxd.it/2ak4
2022-03-20,Chungking Express,1994,https://boxd.it/1UDa
2022-03-20,Caché,2005,https://boxd.it/2amY
2022-03-20,Uncle Boonmee Who Can Recall His Past Lives,2010,https://boxd.it/168Q
2022-03-20,A Girl Walks Home Alone at Night,2014,https://boxd.it/7nZE
2022-03-20,Melancholia,2011,https://boxd.it/bPI
2022-03-20,The Tree of Life,2011,https://boxd.it/1Zu8
2022-03-20,In the Mood for Love,2000,https://boxd.it/29tE
2022-03-20,Lords of Chaos,2018,https://boxd.it/f5no
2022-03-20,Winnebago Man,2009,https://boxd.it/VIe
2022-03-21,Naked,1993,https://boxd.it/1BT4
2022-03-25,Notturno,2020,https://boxd.it/jEUU
2022-03-25,Taste of Cherry,1997,https://boxd.it/1m8W
2022-03-25,Meet John Doe,1941,https://boxd.it/1gVe
2022-03-26,Mississippi Masala,1991,https://boxd.it/Ywg
2022-03-30,The Last Waltz,1978,https://boxd.it/1P1U
2022-04-03,Citizen X,1995,https://boxd.it/1RIG
2022-04-06,Before Sunrise,1995,https://boxd.it/2bcU
2022-04-06,Before Sunset,2004,https://boxd.it/2bcg
2022-04-06,Before Midnight,2013,https://boxd.it/4ive
2022-04-06,Bringing Out the Dead,1999,https://boxd.it/1ZZK
2022-04-06,Sweet Sweetback's Baadasssss Song,1971,https://boxd.it/22xa
2022-04-06,Slacker,1990,https://boxd.it/1OUu
2022-04-07,Road to Perdition,2002,https://boxd.it/24Lo
2022-04-08,Duel,1971,https://boxd.it/29ui
2022-04-09,Maria Full of Grace,2004,https://boxd.it/2ao6
2022-04-10,The Northman,2022,https://boxd.it/nK2s
2022-04-10,The Unbearable Weight of Massive Talent,2022,https://boxd.it/o6eK
2022-04-13,The Shape of Water,2017,https://boxd.it/dZ5m
2022-04-13,City Hall,2020,https://boxd.it/rdGM
2022-04-13,Mean Streets,1973,https://boxd.it/2aSU
2022-04-13,Pain and Glory,2019,https://boxd.it/iOBQ
2022-04-13,The 400 Blows,1959,https://boxd.it/2b1C
2022-04-13,Eternal Sunshine of the Spotless Mind,2004,https://boxd.it/6YK
2022-04-13,Come and See,1985,https://boxd.it/1w9q
2022-04-13,"Rome, Open City",1945,https://boxd.it/2aD6
2022-04-13,My Voyage to Italy,1999,https://boxd.it/x82
2022-04-27,Moon,2009,https://boxd.it/1IGQ
2022-04-28,Flight,2012,https://boxd.it/35Ca
2022-04-29,Gimme Shelter,1970,https://boxd.it/2b42
2022-04-30,Sunshine,2007,https://boxd.it/28Xy
2022-05-09,Tale of Cinema,2005,https://boxd.it/31H6
2022-05-12,Closer,2004,https://boxd.it/270K
2022-05-12,Scenes from a Marriage,2021,https://boxd.it/wzSU
2022-05-13,Anand,1971,https://boxd.it/1uhM
2022-05-15,The Seventh Seal,1957,https://boxd.it/2ahO
2022-05-15,Closely Watched Trains,1966,https://boxd.it/29Cm
2022-05-15,Becoming Cousteau,2021,https://boxd.it/t7Pi
2022-05-16,Love Steaks,2013,https://boxd.it/72hw
2022-05-18,Memoria,2021,https://boxd.it/iwtE
2022-05-18,House,1977,https://boxd.it/1vsm
2022-05-18,Shame,2011,https://boxd.it/2CxU
2022-05-20,The Crossing,1984,https://boxd.it/685a
2022-05-22,Vortex,2021,https://boxd.it/uoni
2022-05-24,M,1931,https://boxd.it/29vq
2022-05-24,Smiley Face,2007,https://boxd.it/1QG0
2022-05-24,Crimes of the Future,2022,https://boxd.it/uTuY
2022-05-25,Triangle of Sadness,2022,https://boxd.it/hXlq
2022-05-25,Lost Highway,1997,https://boxd.it/29Wc
2022-05-27,The Truman Show,1998,https://boxd.it/18U8
2022-05-27,Once Upon a Time in America,1984,https://boxd.it/2aCs
2022-05-27,Being the Ricardos,2021,https://boxd.it/iJQc
2022-05-28,Those Who Wish Me Dead,2021,https://boxd.it/lgeu
2022-05-28,Stillwater,2021,https://boxd.it/mNPq
2022-05-28,Barb & Star Go to Vista Del Mar,2021,https://boxd.it/lX9M
2022-05-28,In the Heights,2021,https://boxd.it/gLhu
2022-05-28,Nightmare Alley,2021,https://boxd.it/m0HC
2022-05-28,The Card Counter,2021,https://boxd.it/nTH0
2022-05-28,Mass,2021,https://boxd.it/eYAA
2022-05-28,Pig,2021,https://boxd.it/nzoW
2022-05-28,Red Rocket,2021,https://boxd.it/sGpi
2022-05-28,Petite Maman,2021,https://boxd.it/s6je
2022-05-28,Flee,2021,https://boxd.it/ponM
2022-05-28,Titane,2021,https://boxd.it/nlQC
2022-05-28,West Side Story,2021,https://boxd.it/iwt0
2022-05-28,Bram Stoker's Dracula,1992,https://boxd.it/223a
2022-05-29,The Reader,2008,https://boxd.it/20Dq
2022-05-29,Stars at Noon,2022,https://boxd.it/mfNU
2022-05-29,Holy Spider,2022,https://boxd.it/xBn2
2022-05-30,Michael Clayton,2007,https://boxd.it/2466
2022-05-30,Suspiria,2018,https://boxd.it/cioI
2022-05-30,Hearts of Darkness: A Filmmaker's Apocalypse,1991,https://boxd.it/24ai
2022-06-03,Amores Perros,2000,https://boxd.it/2bfu
2022-06-03,The Tsugua Diaries,2021,https://boxd.it/vBUQ
2022-06-03,Hannah,2017,https://boxd.it/gLYI
2022-06-03,Great Freedom,2021,https://boxd.it/vwpe
2022-06-06,Pacifiction,2022,https://boxd.it/pOfa
2022-06-06,Butterfly Vision,2022,https://boxd.it/Alzs
2022-06-06,Close,2022,https://boxd.it/y4qa
2022-06-06,Showing Up,2022,https://boxd.it/tJ1q
2022-06-06,First Cow,2019,https://boxd.it/krga
2022-06-07,Loving Vincent: The Impossible Dream,2019,https://boxd.it/lBPQ
2022-06-11,A Woman Under the Influence,1974,https://boxd.it/1myg
2022-06-11,Taking the Horse to Eat Jalebis,2018,https://boxd.it/kp1i
2022-09-27,Waitress,2007,https://boxd.it/1Vt6
2022-10-18,Escape from New York,1981,https://boxd.it/294k
2022-12-17,"Jeanne Dielman, 23, quai du Commerce, 1080 Bruxelles",1975,https://boxd.it/T18
2023-01-12,Terrifier,2016,https://boxd.it/eRzg
2023-01-12,Terrifier 2,2022,https://boxd.it/oI10
2023-01-15,A Ghost Story,2017,https://boxd.it/fb0K
2023-03-19,Deliverance,1972,https://boxd.it/1VGk
2023-03-19,Wolfwalkers,2020,https://boxd.it/fGrC
2023-03-19,A River Runs Through It,1992,https://boxd.it/2aFm
2023-03-19,Seconds,1966,https://boxd.it/1Dbe
2023-03-19,The Legend of Bagger Vance,2000,https://boxd.it/23zQ
2023-03-19,Christmas with You,2022,https://boxd.it/zkew
2023-03-19,You've Got Mail,1998,https://boxd.it/1Yye
2023-03-19,Black Dynamite,2009,https://boxd.it/1wX6
2023-03-20,The Handmaiden,2016,https://boxd.it/948A
2023-03-20,Dick Tracy Special: Tracy Zooms In,2023,https://boxd.it/F0XI
2023-03-20,Willow,1988,https://boxd.it/29t0
2023-03-20,Singin' in the Rain,1952,https://boxd.it/29oY
2023-03-20,Conan the Barbarian,1982,https://boxd.it/1YOm
2023-03-20,The Beastmaster,1982,https://boxd.it/1K5s
2023-03-20,Strange Way of Life,2023,https://boxd.it/Aomw
2023-03-22,Gallipoli,1981,https://boxd.it/1Tlk
2023-03-25,Louis Tomlinson: All of Those Voices,2023,https://boxd.it/EZXW
2023-04-16,Salesman,1969,https://boxd.it/1rWC
2023-04-19,Ultrasound,2021,https://boxd.it/uWRG
2023-04-19,Good Bye Lenin!,2003,https://boxd.it/2ayA
2023-05-11,End of Watch,2012,https://boxd.it/2F5O
2023-05-11,Jarhead,2005,https://boxd.it/70m
2023-05-11,The Court Jester,1955,https://boxd.it/1SXW
2023-05-15,Fat City,1972,https://boxd.it/1JnU
2023-05-15,The Treasure of the Sierra Madre,1948,https://boxd.it/25Lk
2023-05-15,The Dead,1987,https://boxd.it/13vC
2023-05-15,Dodsworth,1936,https://boxd.it/1iWI
2023-05-15,Heartbeat,1968,https://boxd.it/P5g
2023-05-16,Analyze That,2002,https://boxd.it/1XuK
2023-05-16,Analyze This,1999,https://boxd.it/1Yr8
2023-05-17,Le Samouraï,1967,https://boxd.it/22ZI
2023-05-17,The Friends of Eddie Coyle,1973,https://boxd.it/1vki
2023-05-19,Frances Ha,2012,https://boxd.it/41Xg
2023-05-20,Crash Pad,2017,https://boxd.it/dCnW
2023-05-22,Gas Food Lodging,1992,https://boxd.it/JGU
2023-05-23,Capturing the Friedmans,2003,https://boxd.it/2748
2023-05-24,May December,2023,https://boxd.it/vEE2
2023-05-24,The Green Ray,1986,https://boxd.it/t8W
2023-05-27,Investigation of a Citizen Above Suspicion,1970,https://boxd.it/1tRY
2023-05-27,Heathers,1988,https://boxd.it/26x4
2023-05-27,Bastion Point: Day 507,1980,https://boxd.it/nHae
2023-05-28,Rolling Thunder,1977,https://boxd.it/1BgG
2023-05-28,Manhattan Melodrama,1934,https://boxd.it/1piK
2023-05-29,The Color of Money,1986,https://boxd.it/1SSM
2023-06-06,Adaptation.,2002,https://boxd.it/26mA
2023-06-09,After Hours,1985,https://boxd.it/1VfS
2023-06-20,"The Gangster, the Cop, the Devil",2019,https://boxd.it/lnuk
2023-07-30,Bad Day at Black Rock,1955,https://boxd.it/1NRk
